env,algorithm,config,eval_tau,run,mc_mean,mc_stddev,mc_cvar,cvar_regret,optimal_action_hit,catastrophic_count
bettinggame,UCT,"bias=auto,eps=0.050000",0.20000000000000001,0,0.35225441932678225,0.43085458325689407,-0.061241799592971803,0.054687499999999965,0,29
bettinggame,UCT,"bias=auto,eps=0.050000",0.20000000000000001,1,0.36111693620681762,0.46716290026825819,-0.0625,0.054687499999999965,0,76
bettinggame,UCT,"bias=auto,eps=0.100000",0.20000000000000001,0,0.41966552734375001,0.44424518591844847,-0.0625,0.062499999999999965,0,69
bettinggame,UCT,"bias=auto,eps=0.100000",0.20000000000000001,1,0.37417026519775393,0.45449125631313086,-0.0625,0.054687499999999965,0,72
bettinggame,UCT,"bias=auto,eps=0.200000",0.20000000000000001,0,0.34471282958984373,0.44174914128661052,-0.0625,0.054687499999999965,0,59
bettinggame,UCT,"bias=auto,eps=0.200000",0.20000000000000001,1,0.33390482902526858,0.43945945353931704,-0.0625,0.054687499999999965,0,61
bettinggame,UCT,"bias=auto,eps=0.500000",0.20000000000000001,0,0.32106582641601561,0.43096554076496218,-0.0625,0.062499999999999965,0,70
bettinggame,UCT,"bias=auto,eps=0.500000",0.20000000000000001,1,0.36080078124999998,0.45915997063739361,-0.0625,0.062499999999999965,0,98
bettinggame,UCT,"bias=2.000000,eps=0.050000",0.20000000000000001,0,0.3396937561035156,0.45242904829508124,-0.0625,0.054687499999999965,0,64
bettinggame,UCT,"bias=2.000000,eps=0.050000",0.20000000000000001,1,0.29365020751953125,0.4399783878824679,-0.0625,0.062499999999999965,0,86
bettinggame,UCT,"bias=2.000000,eps=0.100000",0.20000000000000001,0,0.365347843170166,0.42797836095415881,-0.0625,0.062499999999999965,0,45
bettinggame,UCT,"bias=2.000000,eps=0.100000",0.20000000000000001,1,0.27339759826660154,0.33618955751390833,-0.0625,0.062499999999999965,0,40
bettinggame,UCT,"bias=2.000000,eps=0.200000",0.20000000000000001,0,0.29465461730957032,0.42551769781595217,-0.0625,0.062499999999999965,0,58
bettinggame,UCT,"bias=2.000000,eps=0.200000",0.20000000000000001,1,0.33285217285156249,0.43781771148503745,-0.0625,0.062499999999999965,0,80
bettinggame,UCT,"bias=2.000000,eps=0.500000",0.20000000000000001,0,0.39233917236328125,0.44933487780195391,-0.0625,0.062499999999999965,0,77
bettinggame,UCT,"bias=2.000000,eps=0.500000",0.20000000000000001,1,0.39410797119140623,0.45622119616672063,-0.0625,0.062499999999999965,0,59
bettinggame,UCT,"bias=5.000000,eps=0.050000",0.20000000000000001,0,0.30441162109374997,0.43384353446106511,-0.0625,0.062499999999999965,0,99
bettinggame,UCT,"bias=5.000000,eps=0.050000",0.20000000000000001,1,0.3192010498046875,0.43016469147776631,-0.0625,0.062499999999999965,0,65
bettinggame,UCT,"bias=5.000000,eps=0.100000",0.20000000000000001,0,0.33600463867187502,0.44986342760191245,-0.0625,0.062499999999999965,0,83
bettinggame,UCT,"bias=5.000000,eps=0.100000",0.20000000000000001,1,0.31012565612792969,0.40311945671212479,-0.0625,0.062499999999999965,0,54
bettinggame,UCT,"bias=5.000000,eps=0.200000",0.20000000000000001,0,0.37096996307373048,0.43381560381475809,-0.0625,0.062499999999999965,0,56
bettinggame,UCT,"bias=5.000000,eps=0.200000",0.20000000000000001,1,0.40844507217407228,0.44482174287755039,-0.0625,0.062499999999999965,0,43
bettinggame,UCT,"bias=5.000000,eps=0.500000",0.20000000000000001,0,0.31920578002929689,0.39666968884032511,-0.0625,0.062499999999999965,0,62
bettinggame,UCT,"bias=5.000000,eps=0.500000",0.20000000000000001,1,0.37844726562499997,0.46120915308261529,-0.0625,0.062499999999999965,0,98
bettinggame,UCT,"bias=10.000000,eps=0.050000",0.20000000000000001,0,0.33823278427124026,0.41697090833933431,-0.0625,0.062499999999999965,0,52
bettinggame,UCT,"bias=10.000000,eps=0.050000",0.20000000000000001,1,0.28431098937988281,0.39152484456068942,-0.0625,0.062499999999999965,0,60
bettinggame,UCT,"bias=10.000000,eps=0.100000",0.20000000000000001,0,0.3727118492126465,0.43891080405723099,-0.0625,0.062499999999999965,0,51
bettinggame,UCT,"bias=10.000000,eps=0.100000",0.20000000000000001,1,0.3422254180908203,0.42772895693145019,-0.0625,0.062499999999999965,0,67
bettinggame,UCT,"bias=10.000000,eps=0.200000",0.20000000000000001,0,0.32563214302062987,0.44872843026282938,-0.0625,0.054687499999999965,0,69
bettinggame,UCT,"bias=10.000000,eps=0.200000",0.20000000000000001,1,0.37541976928710935,0.43204177777351022,-0.0625,0.062499999999999965,0,56
bettinggame,UCT,"bias=10.000000,eps=0.500000",0.20000000000000001,0,0.39140869140625001,0.45473241493449557,-0.0625,0.062499999999999965,0,82
bettinggame,UCT,"bias=10.000000,eps=0.500000",0.20000000000000001,1,0.33855834960937498,0.42306514080111651,-0.0625,0.062499999999999965,0,70
bettinggame,CATSO,"atoms=25,optimism=2.000000,p=1.000000,tau=0.050000",0.050000000000000003,0,0.15506022334098815,0.19528508554663546,-0.0625,0.0078125,1,20
bettinggame,CATSO,"atoms=25,optimism=2.000000,p=1.000000,tau=0.050000",0.050000000000000003,1,0.13724979400634765,0.15380243728500265,-0.0625,0,1,17
bettinggame,CATSO,"atoms=25,optimism=2.000000,p=1.000000,tau=0.100000",0.10000000000000001,0,0.12629180908203125,0.15353463667907885,-0.0625,0,1,20
bettinggame,CATSO,"atoms=25,optimism=2.000000,p=1.000000,tau=0.100000",0.10000000000000001,1,0.12303498983383179,0.15394376159176157,-0.060671806335449219,0.023437500000000003,0,15
bettinggame,CATSO,"atoms=25,optimism=2.000000,p=1.000000,tau=0.200000",0.20000000000000001,0,0.083285582065582273,0.088707492780004629,-0.029919469356536867,0.0078124999999999957,1,6
bettinggame,CATSO,"atoms=25,optimism=2.000000,p=1.000000,tau=0.200000",0.20000000000000001,1,0.12259116411209106,0.12078234249430723,-0.037817567586898804,0.0078124999999999957,1,7
bettinggame,CATSO,"atoms=25,optimism=2.000000,p=1.000000,tau=0.250000",0.25,0,0.10563867330551148,0.12284357466007939,-0.038805074691772461,0.0046874999999999972,1,18
bettinggame,CATSO,"atoms=25,optimism=2.000000,p=1.000000,tau=0.250000",0.25,1,0.10636627197265625,0.14600527980058559,-0.042534494400024415,0.0046874999999999972,1,8
bettinggame,CATSO,"atoms=25,optimism=2.000000,p=2.000000,tau=0.050000",0.050000000000000003,0,0.17092747926712037,0.24131945023631651,-0.0625,0.015625,0,41
bettinggame,CATSO,"atoms=25,optimism=2.000000,p=2.000000,tau=0.050000",0.050000000000000003,1,0.12412651419639588,0.15037461066796215,-0.0625,0.0078125,1,17
bettinggame,CATSO,"atoms=25,optimism=2.000000,p=2.000000,tau=0.100000",0.10000000000000001,0,0.040482335090637207,0.077467022232589389,-0.037713384628295897,0.0078125,1,2
bettinggame,CATSO,"atoms=25,optimism=2.000000,p=2.000000,tau=0.100000",0.10000000000000001,1,0.1172817075252533,0.12203415296021201,-0.054008340835571288,0.0078125,1,7
bettinggame,CATSO,"atoms=25,optimism=2.000000,p=2.000000,tau=0.200000",0.20000000000000001,0,0.21963408946990967,0.22948048739845425,-0.043808579444885254,0.0078124999999999957,1,9
bettinggame,CATSO,"atoms=25,optimism=2.000000,p=2.000000,tau=0.200000",0.20000000000000001,1,0.083791058063507076,0.08183155063753865,-0.028155314922332763,0.0078124999999999957,1,3
bettinggame,CATSO,"atoms=25,optimism=2.000000,p=2.000000,tau=0.250000",0.25,0,0.14871384263038634,0.16445370147457933,-0.042473740577697754,0.0046874999999999972,1,13
bettinggame,CATSO,"atoms=25,optimism=2.000000,p=2.000000,tau=0.250000",0.25,1,0.099546239376068116,0.12911371698940446,-0.041481170654296878,0.0093749999999999944,1,18
bettinggame,CATSO,"atoms=25,optimism=2.000000,p=4.000000,tau=0.050000",0.050000000000000003,0,0.079964160919189453,0.10099725211708625,-0.0625,0.023437500000000003,0,12
bettinggame,CATSO,"atoms=25,optimism=2.000000,p=4.000000,tau=0.050000",0.050000000000000003,1,0.10928496360778808,0.13299511124063679,-0.0625,0.0078125,1,14
bettinggame,CATSO,"atoms=25,optimism=2.000000,p=4.000000,tau=0.100000",0.10000000000000001,0,0.19195639133453368,0.24952673678932616,-0.0625,0.015625,0,20
bettinggame,CATSO,"atoms=25,optimism=2.000000,p=4.000000,tau=0.100000",0.10000000000000001,1,0.18108111619949341,0.24259543952235127,-0.0625,0.0078125,1,30
bettinggame,CATSO,"atoms=25,optimism=2.000000,p=4.000000,tau=0.200000",0.20000000000000001,0,0.19909093856811524,0.25066818100561061,-0.062428474426269531,0.015624999999999991,0,39
bettinggame,CATSO,"atoms=25,optimism=2.000000,p=4.000000,tau=0.200000",0.20000000000000001,1,0.15924758553504945,0.15138162499160629,-0.018369615077972412,0.0078124999999999957,1,1
bettinggame,CATSO,"atoms=25,optimism=2.000000,p=4.000000,tau=0.250000",0.25,0,0.31243871688842773,0.35701926326678179,-0.0423472785949707,0.014062499999999992,0,17
bettinggame,CATSO,"atoms=25,optimism=2.000000,p=4.000000,tau=0.250000",0.25,1,0.18299748182296752,0.19756729271049464,-0.022558584213256835,0.0093749999999999944,1,2
bettinggame,CATSO,"atoms=25,optimism=4.000000,p=1.000000,tau=0.050000",0.050000000000000003,0,0.15539841651916503,0.20846574436414719,-0.0625,0.015625,0,18
bettinggame,CATSO,"atoms=25,optimism=4.000000,p=1.000000,tau=0.050000",0.050000000000000003,1,0.13948785901069641,0.16782758537590003,-0.0625,0.0078125,1,13
bettinggame,CATSO,"atoms=25,optimism=4.000000,p=1.000000,tau=0.100000",0.10000000000000001,0,0.12874876976013183,0.14185915291014076,-0.060932517051696777,0.015625,0,16
bettinggame,CATSO,"atoms=25,optimism=4.000000,p=1.000000,tau=0.100000",0.10000000000000001,1,0.1581256866455078,0.19307016613472996,-0.0625,0.015625,0,22
bettinggame,CATSO,"atoms=25,optimism=4.000000,p=1.000000,tau=0.200000",0.20000000000000001,0,0.14159630775451659,0.13002923686402787,-0.029244709014892577,0.015624999999999991,0,4
bettinggame,CATSO,"atoms=25,optimism=4.000000,p=1.000000,tau=0.200000",0.20000000000000001,1,0.088624072074890134,0.074907461751046414,-0.022531700134277344,0.0078124999999999957,1,3
bettinggame,CATSO,"atoms=25,optimism=4.000000,p=1.000000,tau=0.250000",0.25,0,0.13099697113037109,0.1556875684642578,-0.047405052185058597,0.0046874999999999972,1,19
bettinggame,CATSO,"atoms=25,optimism=4.000000,p=1.000000,tau=0.250000",0.25,1,0.077207031250000002,0.072416775094627114,-0.036757812500000001,0,1,19
bettinggame,CATSO,"atoms=25,optimism=4.000000,p=2.000000,tau=0.050000",0.050000000000000003,0,0.12400038719177246,0.13404534202329019,-0.0625,0.0078125,1,14
bettinggame,CATSO,"atoms=25,optimism=4.000000,p=2.000000,tau=0.050000",0.050000000000000003,1,0.16970190286636352,0.18762912372116178,-0.061722373962402342,0.0078125,1,8
bettinggame,CATSO,"atoms=25,optimism=4.000000,p=2.000000,tau=0.100000",0.10000000000000001,0,0.098392803668975834,0.13140929854217837,-0.055107402801513675,0.0078125,1,8
bettinggame,CATSO,"atoms=25,optimism=4.000000,p=2.000000,tau=0.100000",0.10000000000000001,1,0.13469170093536376,0.1980601810816999,-0.0625,0.0078125,1,38
bettinggame,CATSO,"atoms=25,optimism=4.000000,p=2.000000,tau=0.200000",0.20000000000000001,0,0.08217552423477173,0.078593614015498164,-0.047452259063720706,0.0078124999999999957,1,5
bettinggame,CATSO,"atoms=25,optimism=4.000000,p=2.000000,tau=0.200000",0.20000000000000001,1,0.1168967068195343,0.12240079684985543,-0.053372621536254883,0.0078124999999999957,1,24
bettinggame,CATSO,"atoms=25,optimism=4.000000,p=2.000000,tau=0.250000",0.25,0,0.073491156101226807,0.088784433111480113,-0.038362579345703127,0.0046874999999999972,1,14
bettinggame,CATSO,"atoms=25,optimism=4.000000,p=2.000000,tau=0.250000",0.25,1,0.070806694030761716,0.064515256235899793,0.0054055023193359374,0,1,2
bettinggame,CATSO,"atoms=25,optimism=4.000000,p=4.000000,tau=0.050000",0.050000000000000003,0,0.14741457343101502,0.21787779076897137,-0.0625,0.0078125,1,21
bettinggame,CATSO,"atoms=25,optimism=4.000000,p=4.000000,tau=0.050000",0.050000000000000003,1,0.11737293243408203,0.12367910823009549,-0.0625,0,1,11
bettinggame,CATSO,"atoms=25,optimism=4.000000,p=4.000000,tau=0.100000",0.10000000000000001,0,0.062172148227691654,0.078768394888028073,-0.049037504196166995,0.0078125,1,6
bettinggame,CATSO,"atoms=25,optimism=4.000000,p=4.000000,tau=0.100000",0.10000000000000001,1,0.15429980278015137,0.1810304714488214,-0.047916603088378903,0.0078125,1,4
bettinggame,CATSO,"atoms=25,optimism=4.000000,p=4.000000,tau=0.200000",0.20000000000000001,0,0.12442357063293458,0.13992688511785376,-0.056997799873352052,0.0078124999999999957,1,27
bettinggame,CATSO,"atoms=25,optimism=4.000000,p=4.000000,tau=0.200000",0.20000000000000001,1,0.18291056156158447,0.22633792067121056,-0.055084383487701415,0.015624999999999991,0,19
bettinggame,CATSO,"atoms=25,optimism=4.000000,p=4.000000,tau=0.250000",0.25,0,0.21065383911132812,0.28390265559879146,-0.047153606414794921,0.0093749999999999944,1,14
bettinggame,CATSO,"atoms=25,optimism=4.000000,p=4.000000,tau=0.250000",0.25,1,0.10297532796859742,0.10056399348891427,-0.036165037155151368,0.0046874999999999972,1,6
bettinggame,CATSO,"atoms=25,optimism=8.000000,p=1.000000,tau=0.050000",0.050000000000000003,0,0.16980746746063233,0.19889698680582377,-0.0625,0.0078125,1,10
bettinggame,CATSO,"atoms=25,optimism=8.000000,p=1.000000,tau=0.050000",0.050000000000000003,1,0.16704944014549256,0.19022019080437805,-0.0625,0.0078125,1,11
bettinggame,CATSO,"atoms=25,optimism=8.000000,p=1.000000,tau=0.100000",0.10000000000000001,0,0.084191889762878419,0.11371953906851165,-0.037584686279296876,0.0078125,1,2
bettinggame,CATSO,"atoms=25,optimism=8.000000,p=1.000000,tau=0.100000",0.10000000000000001,1,0.058087692260742188,0.054963169787164853,-0.021219444274902344,0.015625,0,0
bettinggame,CATSO,"atoms=25,optimism=8.000000,p=1.000000,tau=0.200000",0.20000000000000001,0,0.18280220270156861,0.27454726489671533,-0.0625,0.015624999999999991,0,48
bettinggame,CATSO,"atoms=25,optimism=8.000000,p=1.000000,tau=0.200000",0.20000000000000001,1,0.11248756051063538,0.11296567086443403,-0.034522360563278197,0.0078124999999999957,1,7
bettinggame,CATSO,"atoms=25,optimism=8.000000,p=1.000000,tau=0.250000",0.25,0,0.10809168815612794,0.07922511692561407,-0.0075084114074707034,0.0093749999999999944,1,6
bettinggame,CATSO,"atoms=25,optimism=8.000000,p=1.000000,tau=0.250000",0.25,1,0.076449661254882811,0.081291902434230789,-0.024878692626953126,0.0046874999999999972,1,2
bettinggame,CATSO,"atoms=25,optimism=8.000000,p=2.000000,tau=0.050000",0.050000000000000003,0,0.098851852416992181,0.11410520692065249,-0.0625,0,1,23
bettinggame,CATSO,"atoms=25,optimism=8.000000,p=2.000000,tau=0.050000",0.050000000000000003,1,0.10771981954574585,0.122526402935068,-0.0625,0.015625,0,13
bettinggame,CATSO,"atoms=25,optimism=8.000000,p=2.000000,tau=0.100000",0.10000000000000001,0,0.12342064857482909,0.14933568204308931,-0.0625,0.015625,0,27
bettinggame,CATSO,"atoms=25,optimism=8.000000,p=2.000000,tau=0.100000",0.10000000000000001,1,0.11520476102828979,0.15136681809478597,-0.057822656631469724,0.0078125,1,12
bettinggame,CATSO,"atoms=25,optimism=8.000000,p=2.000000,tau=0.200000",0.20000000000000001,0,0.17972424983978272,0.24152834013139976,-0.053650152683258054,0.0078124999999999957,1,15
bettinggame,CATSO,"atoms=25,optimism=8.000000,p=2.000000,tau=0.200000",0.20000000000000001,1,0.21479315280914307,0.30085041992614536,-0.056180763244628909,0.015624999999999991,0,21
bettinggame,CATSO,"atoms=25,optimism=8.000000,p=2.000000,tau=0.250000",0.25,0,0.083452587127685551,0.091838261451169093,-0.015750246047973634,0.0093749999999999944,1,2
bettinggame,CATSO,"atoms=25,optimism=8.000000,p=2.000000,tau=0.250000",0.25,1,0.24033411026000975,0.3773285878849249,-0.0625,0.0046874999999999972,1,50
bettinggame,CATSO,"atoms=25,optimism=8.000000,p=4.000000,tau=0.050000",0.050000000000000003,0,0.22496373414993287,0.28844519760375581,-0.0625,0.0078125,1,38
bettinggame,CATSO,"atoms=25,optimism=8.000000,p=4.000000,tau=0.050000",0.050000000000000003,1,0.16831620335578917,0.2076099335435154,-0.0625,0.0078125,1,16
bettinggame,CATSO,"atoms=25,optimism=8.000000,p=4.000000,tau=0.100000",0.10000000000000001,0,0.16803436279296874,0.22534893290633876,-0.0625,0.0078125,1,50
bettinggame,CATSO,"atoms=25,optimism=8.000000,p=4.000000,tau=0.100000",0.10000000000000001,1,0.12299601912498474,0.12721782547986032,-0.057586288452148436,0.0078125,1,14
bettinggame,CATSO,"atoms=25,optimism=8.000000,p=4.000000,tau=0.200000",0.20000000000000001,0,0.10391024470329285,0.10893556875791495,-0.058790558576583864,0.0078124999999999957,1,30
bettinggame,CATSO,"atoms=25,optimism=8.000000,p=4.000000,tau=0.200000",0.20000000000000001,1,0.23868326663970948,0.27019181580812429,-0.0625,0.0078124999999999957,1,46
bettinggame,CATSO,"atoms=25,optimism=8.000000,p=4.000000,tau=0.250000",0.25,0,0.12487867832183838,0.13140685487482981,-0.040592403411865235,0.0093749999999999944,1,16
bettinggame,CATSO,"atoms=25,optimism=8.000000,p=4.000000,tau=0.250000",0.25,1,0.18431672811508179,0.20417465422299391,-0.041659412384033201,0.0093749999999999944,1,11
bettinggame,CATSO,"atoms=51,optimism=2.000000,p=1.000000,tau=0.050000",0.050000000000000003,0,0.25137130737304686,0.30678514278613528,-0.060416221618652344,0.015625,0,7
bettinggame,CATSO,"atoms=51,optimism=2.000000,p=1.000000,tau=0.050000",0.050000000000000003,1,0.10619767427444458,0.097067465116226548,-0.061766147613525391,0.0078125,1,8
bettinggame,CATSO,"atoms=51,optimism=2.000000,p=1.000000,tau=0.100000",0.10000000000000001,0,0.14483378887176512,0.13906679746829934,-0.0625,0.015625,0,22
bettinggame,CATSO,"atoms=51,optimism=2.000000,p=1.000000,tau=0.100000",0.10000000000000001,1,0.092894115447998041,0.11673139097261369,-0.046760368347167972,0.0078125,1,3
bettinggame,CATSO,"atoms=51,optimism=2.000000,p=1.000000,tau=0.200000",0.20000000000000001,0,0.14642722129821778,0.17008901038960264,-0.046922922134399414,0.0078124999999999957,1,5
bettinggame,CATSO,"atoms=51,optimism=2.000000,p=1.000000,tau=0.200000",0.20000000000000001,1,0.15654960632324219,0.1587176403545065,-0.045151519775390628,0.015624999999999991,0,16
bettinggame,CATSO,"atoms=51,optimism=2.000000,p=1.000000,tau=0.250000",0.25,0,0.087589724063873289,0.069629437041625497,-0.0089344692230224603,0.0093749999999999944,1,3
bettinggame,CATSO,"atoms=51,optimism=2.000000,p=1.000000,tau=0.250000",0.25,1,0.24155247688293457,0.28330798841878252,-0.046945128440856937,0.0046874999999999972,1,11
bettinggame,CATSO,"atoms=51,optimism=2.000000,p=2.000000,tau=0.050000",0.050000000000000003,0,0.10294382095336914,0.13102051444168866,-0.0625,0.015625,0,15
bettinggame,CATSO,"atoms=51,optimism=2.000000,p=2.000000,tau=0.050000",0.050000000000000003,1,0.12223832368850708,0.12316791054375469,-0.0625,0.0078125,1,34
bettinggame,CATSO,"atoms=51,optimism=2.000000,p=2.000000,tau=0.100000",0.10000000000000001,0,0.079695217609405511,0.088886985707116853,-0.053107261657714844,0.0078125,1,9
bettinggame,CATSO,"atoms=51,optimism=2.000000,p=2.000000,tau=0.100000",0.10000000000000001,1,0.11315246582031251,0.14662782361446522,-0.0625,0.0078125,1,36
bettinggame,CATSO,"atoms=51,optimism=2.000000,p=2.000000,tau=0.200000",0.20000000000000001,0,0.099829027652740474,0.14211159788811534,-0.0625,0.0078124999999999957,1,58
bettinggame,CATSO,"atoms=51,optimism=2.000000,p=2.000000,tau=0.200000",0.20000000000000001,1,0.13434882164001466,0.11950907194392862,-0.049921619892120364,0.0078124999999999957,1,22
bettinggame,CATSO,"atoms=51,optimism=2.000000,p=2.000000,tau=0.250000",0.25,0,0.11256206512451172,0.12804808383441096,-0.035733795166015624,0,1,5
bettinggame,CATSO,"atoms=51,optimism=2.000000,p=2.000000,tau=0.250000",0.25,1,0.099920043945312495,0.084824618170956975,-0.025021972656249999,0,1,11
bettinggame,CATSO,"atoms=51,optimism=2.000000,p=4.000000,tau=0.050000",0.050000000000000003,0,0.20261603355407715,0.23373664351151668,-0.0625,0.015625,0,33
bettinggame,CATSO,"atoms=51,optimism=2.000000,p=4.000000,tau=0.050000",0.050000000000000003,1,0.049797687530517581,0.046441748539520836,-0.046227264404296878,0,1,1
bettinggame,CATSO,"atoms=51,optimism=2.000000,p=4.000000,tau=0.100000",0.10000000000000001,0,0.16103249311447143,0.21439282426910988,-0.0625,0.0078125,1,23
bettinggame,CATSO,"atoms=51,optimism=2.000000,p=4.000000,tau=0.100000",0.10000000000000001,1,0.17021713256835938,0.21843339939435227,-0.057235431671142575,0.0078125,1,6
bettinggame,CATSO,"atoms=51,optimism=2.000000,p=4.000000,tau=0.200000",0.20000000000000001,0,0.12880349636077881,0.25097862088648487,-0.049469399452209475,0.0078124999999999957,1,13
bettinggame,CATSO,"atoms=51,optimism=2.000000,p=4.000000,tau=0.200000",0.20000000000000001,1,0.089204711914062498,0.096047433955340419,-0.05120983123779297,0,1,17
bettinggame,CATSO,"atoms=51,optimism=2.000000,p=4.000000,tau=0.250000",0.25,0,0.14769459009170532,0.16398983075795878,-0.030197029113769532,0.0046874999999999972,1,5
bettinggame,CATSO,"atoms=51,optimism=2.000000,p=4.000000,tau=0.250000",0.25,1,0.16051815509796141,0.22723493539944398,-0.055018253326416015,0.0093749999999999944,1,29
bettinggame,CATSO,"atoms=51,optimism=4.000000,p=1.000000,tau=0.050000",0.050000000000000003,0,0.15637224912643433,0.17171985505301582,-0.0625,0.0078125,1,23
bettinggame,CATSO,"atoms=51,optimism=4.000000,p=1.000000,tau=0.050000",0.050000000000000003,1,0.085010812282562256,0.086894939562427137,-0.054864501953124999,0.0078125,1,3
bettinggame,CATSO,"atoms=51,optimism=4.000000,p=1.000000,tau=0.100000",0.10000000000000001,0,0.1459777545928955,0.15127116768162924,-0.058925151824951172,0.0078125,1,12
bettinggame,CATSO,"atoms=51,optimism=4.000000,p=1.000000,tau=0.100000",0.10000000000000001,1,0.20729731917381286,0.26186394553138781,-0.059727668762207031,0.0078125,1,9
bettinggame,CATSO,"atoms=51,optimism=4.000000,p=1.000000,tau=0.200000",0.20000000000000001,0,0.12415503740310668,0.13543551626736375,-0.048139035701751709,0.0078124999999999957,1,12
bettinggame,CATSO,"atoms=51,optimism=4.000000,p=1.000000,tau=0.200000",0.20000000000000001,1,0.11731687307357788,0.14392907805831059,-0.038359904289245607,0.0078124999999999957,1,11
bettinggame,CATSO,"atoms=51,optimism=4.000000,p=1.000000,tau=0.250000",0.25,0,0.20370284318923951,0.24237945413322867,-0.055323343276977542,0.0046874999999999972,1,31
bettinggame,CATSO,"atoms=51,optimism=4.000000,p=1.000000,tau=0.250000",0.25,1,0.1591293716430664,0.16175308501624266,-0.029765548706054686,0,1,6
bettinggame,CATSO,"atoms=51,optimism=4.000000,p=2.000000,tau=0.050000",0.050000000000000003,0,0.11155147552490234,0.14516714576400541,-0.0625,0.015625,0,20
bettinggame,CATSO,"atoms=51,optimism=4.000000,p=2.000000,tau=0.050000",0.050000000000000003,1,0.13684447884559631,0.16045492688577598,-0.062112569808959961,0.0078125,1,8
bettinggame,CATSO,"atoms=51,optimism=4.000000,p=2.000000,tau=0.100000",0.10000000000000001,0,0.052379534244537354,0.052010178435082967,-0.04942498207092285,0.0078125,1,4
bettinggame,CATSO,"atoms=51,optimism=4.000000,p=2.000000,tau=0.100000",0.10000000000000001,1,0.10716827511787415,0.10268487245295489,-0.040780436992645261,0.0078125,1,2
bettinggame,CATSO,"atoms=51,optimism=4.000000,p=2.000000,tau=0.200000",0.20000000000000001,0,0.079971923828124999,0.081343794195879462,-0.046450805664062497,0,1,3
bettinggame,CATSO,"atoms=51,optimism=4.000000,p=2.000000,tau=0.200000",0.20000000000000001,1,0.14310798645019532,0.16428517533517187,-0.053254890441894534,0.0078124999999999957,1,22
bettinggame,CATSO,"atoms=51,optimism=4.000000,p=2.000000,tau=0.250000",0.25,0,0.13027036666870118,0.22562058177704652,-0.03754692077636719,0.0046874999999999972,1,26
bettinggame,CATSO,"atoms=51,optimism=4.000000,p=2.000000,tau=0.250000",0.25,1,0.10952523827552796,0.13114368848170541,-0.054519834518432619,0.0046874999999999972,1,32
bettinggame,CATSO,"atoms=51,optimism=4.000000,p=4.000000,tau=0.050000",0.050000000000000003,0,0.1545812177658081,0.202818920807909,-0.0625,0.015625,0,14
bettinggame,CATSO,"atoms=51,optimism=4.000000,p=4.000000,tau=0.050000",0.050000000000000003,1,0.13898423194885254,0.1315467369862747,-0.062384128570556641,0.015625,0,9
bettinggame,CATSO,"atoms=51,optimism=4.000000,p=4.000000,tau=0.100000",0.10000000000000001,0,0.077491064071655277,0.070882788913508452,-0.046662521362304685,0.015625,0,5
bettinggame,CATSO,"atoms=51,optimism=4.000000,p=4.000000,tau=0.100000",0.10000000000000001,1,0.13402556180953978,0.12534122626836317,-0.054613637924194339,0.015625,0,10
bettinggame,CATSO,"atoms=51,optimism=4.000000,p=4.000000,tau=0.200000",0.20000000000000001,0,0.12199592590332031,0.12137541779908723,-0.057328987121582034,0.015624999999999991,0,34
bettinggame,CATSO,"atoms=51,optimism=4.000000,p=4.000000,tau=0.200000",0.20000000000000001,1,0.16488858699798584,0.17194640102826395,-0.057323765754699704,0.015624999999999991,0,32
bettinggame,CATSO,"atoms=51,optimism=4.000000,p=4.000000,tau=0.250000",0.25,0,0.11131608009338378,0.097839529859145749,-0.013573760986328126,0.0093749999999999944,1,1
bettinggame,CATSO,"atoms=51,optimism=4.000000,p=4.000000,tau=0.250000",0.25,1,0.099565362930297857,0.099076717445123752,-0.033813285827636722,0.0093749999999999944,1,2
bettinggame,CATSO,"atoms=51,optimism=8.000000,p=1.000000,tau=0.050000",0.050000000000000003,0,0.077431945800781249,0.11321442953963884,-0.0625,0,1,11
bettinggame,CATSO,"atoms=51,optimism=8.000000,p=1.000000,tau=0.050000",0.050000000000000003,1,0.10236278295516968,0.11194761240036802,-0.0625,0.0078125,1,10
bettinggame,CATSO,"atoms=51,optimism=8.000000,p=1.000000,tau=0.100000",0.10000000000000001,0,0.20194106101989745,0.2078737763423692,-0.053808879852294919,0,1,2
bettinggame,CATSO,"atoms=51,optimism=8.000000,p=1.000000,tau=0.100000",0.10000000000000001,1,0.093397216796875002,0.12591341481094107,-0.0625,0.0078125,1,44
bettinggame,CATSO,"atoms=51,optimism=8.000000,p=1.000000,tau=0.200000",0.20000000000000001,0,0.12450770854949951,0.12202114642254901,-0.045898520946502687,0.015624999999999991,0,17
bettinggame,CATSO,"atoms=51,optimism=8.000000,p=1.000000,tau=0.200000",0.20000000000000001,1,0.09979084372520447,0.10665603572105439,-0.04447721838951111,0.0078124999999999957,1,9
bettinggame,CATSO,"atoms=51,optimism=8.000000,p=1.000000,tau=0.250000",0.25,0,0.10832091331481934,0.12097583450755521,-0.048960762023925783,0.0046874999999999972,1,25
bettinggame,CATSO,"atoms=51,optimism=8.000000,p=1.000000,tau=0.250000",0.25,1,0.11487112998962402,0.12934613552996535,-0.031591529846191409,0.0046874999999999972,1,4
bettinggame,CATSO,"atoms=51,optimism=8.000000,p=2.000000,tau=0.050000",0.050000000000000003,0,0.15208614945411683,0.14717619138038235,-0.060402727127075194,0.0078125,1,3
bettinggame,CATSO,"atoms=51,optimism=8.000000,p=2.000000,tau=0.050000",0.050000000000000003,1,0.14968946933746338,0.19935577333494331,-0.0625,0.015625,0,19
bettinggame,CATSO,"atoms=51,optimism=8.000000,p=2.000000,tau=0.100000",0.10000000000000001,0,0.11802545547485352,0.11340581241870393,-0.054916429519653323,0.0078125,1,13
bettinggame,CATSO,"atoms=51,optimism=8.000000,p=2.000000,tau=0.100000",0.10000000000000001,1,0.057736644744873049,0.041835282649917108,-0.037239694595336915,0.015625,0,3
bettinggame,CATSO,"atoms=51,optimism=8.000000,p=2.000000,tau=0.200000",0.20000000000000001,0,0.15385616302490235,0.15152313356906716,-0.040724396705627441,0.015624999999999991,0,4
bettinggame,CATSO,"atoms=51,optimism=8.000000,p=2.000000,tau=0.200000",0.20000000000000001,1,0.10244674563407898,0.12493824139884548,-0.039715760946273805,0.0078124999999999957,1,6
bettinggame,CATSO,"atoms=51,optimism=8.000000,p=2.000000,tau=0.250000",0.25,0,0.15903461456298829,0.18159463715929608,-0.052705764770507812,0.0093749999999999944,1,25
bettinggame,CATSO,"atoms=51,optimism=8.000000,p=2.000000,tau=0.250000",0.25,1,0.16975998163223266,0.17887686913990061,-0.045117769241333011,0.0046874999999999972,1,14
bettinggame,CATSO,"atoms=51,optimism=8.000000,p=4.000000,tau=0.050000",0.050000000000000003,0,0.15989469528198241,0.17001704527891159,-0.0625,0,1,17
bettinggame,CATSO,"atoms=51,optimism=8.000000,p=4.000000,tau=0.050000",0.050000000000000003,1,0.22568508863449097,0.31690532802107113,-0.0625,0.015625,0,17
bettinggame,CATSO,"atoms=51,optimism=8.000000,p=4.000000,tau=0.100000",0.10000000000000001,0,0.076690657138824461,0.082797939711707444,-0.051146888732910158,0.0078125,1,1
bettinggame,CATSO,"atoms=51,optimism=8.000000,p=4.000000,tau=0.100000",0.10000000000000001,1,0.11267177104949951,0.11124643865578464,-0.046552228927612307,0.015625,0,7
bettinggame,CATSO,"atoms=51,optimism=8.000000,p=4.000000,tau=0.200000",0.20000000000000001,0,0.17228708863258363,0.27307566164228431,-0.045679116249084474,0.0078124999999999957,1,7
bettinggame,CATSO,"atoms=51,optimism=8.000000,p=4.000000,tau=0.200000",0.20000000000000001,1,0.17747644424438477,0.1580667915971071,-0.037457180023193357,0.015624999999999991,0,4
bettinggame,CATSO,"atoms=51,optimism=8.000000,p=4.000000,tau=0.250000",0.25,0,0.16518030166625977,0.17098182942029283,-0.048321247100830078,0.0093749999999999944,1,20
bettinggame,CATSO,"atoms=51,optimism=8.000000,p=4.000000,tau=0.250000",0.25,1,0.1087887692451477,0.13192155708274583,-0.038870224952697756,0.0046874999999999972,1,10
bettinggame,CATSO,"atoms=100,optimism=2.000000,p=1.000000,tau=0.050000",0.050000000000000003,0,0.094903669357299811,0.10242600838560548,-0.060552597045898438,0,1,6
bettinggame,CATSO,"atoms=100,optimism=2.000000,p=1.000000,tau=0.050000",0.050000000000000003,1,0.13888705015182495,0.16263661666050233,-0.0625,0.0078125,1,14
bettinggame,CATSO,"atoms=100,optimism=2.000000,p=1.000000,tau=0.100000",0.10000000000000001,0,0.097939214706420905,0.10262832835433046,-0.060439038276672366,0.0078125,1,13
bettinggame,CATSO,"atoms=100,optimism=2.000000,p=1.000000,tau=0.100000",0.10000000000000001,1,0.10260340690612793,0.10945027351104757,-0.052973079681396487,0.0078125,1,4
bettinggame,CATSO,"atoms=100,optimism=2.000000,p=1.000000,tau=0.200000",0.20000000000000001,0,0.089975860118865963,0.1045648694485483,-0.037543642520904544,0.0078124999999999957,1,2
bettinggame,CATSO,"atoms=100,optimism=2.000000,p=1.000000,tau=0.200000",0.20000000000000001,1,0.10696533203125,0.083737736848178368,-0.021502590179443358,0.015624999999999991,0,6
bettinggame,CATSO,"atoms=100,optimism=2.000000,p=1.000000,tau=0.250000",0.25,0,0.13787075519561767,0.14961817650297593,-0.025195808410644532,0.0046874999999999972,1,8
bettinggame,CATSO,"atoms=100,optimism=2.000000,p=1.000000,tau=0.250000",0.25,1,0.11252563476562499,0.1298363771644013,-0.053623046874999997,0,1,25
bettinggame,CATSO,"atoms=100,optimism=2.000000,p=2.000000,tau=0.050000",0.050000000000000003,0,0.097646665573120114,0.075549430435692927,-0.061710357666015625,0.015625,0,8
bettinggame,CATSO,"atoms=100,optimism=2.000000,p=2.000000,tau=0.050000",0.050000000000000003,1,0.10071844100952149,0.089165996989095567,-0.0625,0,1,14
bettinggame,CATSO,"atoms=100,optimism=2.000000,p=2.000000,tau=0.100000",0.10000000000000001,0,0.14274260401725769,0.15129765294159991,-0.060333526134490965,0.0078125,1,12
bettinggame,CATSO,"atoms=100,optimism=2.000000,p=2.000000,tau=0.100000",0.10000000000000001,1,0.074629640579223638,0.076560249943926434,-0.057362556457519531,0.015625,0,11
bettinggame,CATSO,"atoms=100,optimism=2.000000,p=2.000000,tau=0.200000",0.20000000000000001,0,0.11651752471923828,0.13306920932966149,-0.040031528472900389,0,1,6
bettinggame,CATSO,"atoms=100,optimism=2.000000,p=2.000000,tau=0.200000",0.20000000000000001,1,0.16728034257888794,0.22457923284834624,-0.061724054813385013,0.0078124999999999957,1,36
bettinggame,CATSO,"atoms=100,optimism=2.000000,p=2.000000,tau=0.250000",0.25,0,0.12338579177856446,0.11261234745936764,-0.016943702697753905,0.0046874999999999972,1,11
bettinggame,CATSO,"atoms=100,optimism=2.000000,p=2.000000,tau=0.250000",0.25,1,0.1595008897781372,0.14044434128880198,-0.026808576583862306,0.0046874999999999972,1,3
bettinggame,CATSO,"atoms=100,optimism=2.000000,p=4.000000,tau=0.050000",0.050000000000000003,0,0.093484584093093875,0.10057724860857002,-0.062345504760742188,0.0078125,1,9
bettinggame,CATSO,"atoms=100,optimism=2.000000,p=4.000000,tau=0.050000",0.050000000000000003,1,0.095543699264526369,0.091947091871154518,-0.053444862365722656,0.0078125,1,1
bettinggame,CATSO,"atoms=100,optimism=2.000000,p=4.000000,tau=0.100000",0.10000000000000001,0,0.10501983642578125,0.12290470671493448,-0.062129211425781247,0,1,19
bettinggame,CATSO,"atoms=100,optimism=2.000000,p=4.000000,tau=0.100000",0.10000000000000001,1,0.12683101177215575,0.11580633709117839,-0.0625,0.0078125,1,21
bettinggame,CATSO,"atoms=100,optimism=2.000000,p=4.000000,tau=0.200000",0.20000000000000001,0,0.15481172561645506,0.17583725007786172,-0.055866146087646486,0,1,29
bettinggame,CATSO,"atoms=100,optimism=2.000000,p=4.000000,tau=0.200000",0.20000000000000001,1,0.11311769366264343,0.13202918856920792,-0.0625,0.0078124999999999957,1,45
bettinggame,CATSO,"atoms=100,optimism=2.000000,p=4.000000,tau=0.250000",0.25,0,0.23629862785339356,0.26164008629265978,-0.052048110961914064,0.0046874999999999972,1,27
bettinggame,CATSO,"atoms=100,optimism=2.000000,p=4.000000,tau=0.250000",0.25,1,0.16419305324554442,0.16543982137732066,-0.05176914691925049,0.0046874999999999972,1,20
bettinggame,CATSO,"atoms=100,optimism=4.000000,p=1.000000,tau=0.050000",0.050000000000000003,0,0.083590601682662968,0.093710738001579252,-0.0625,0.0078125,1,24
bettinggame,CATSO,"atoms=100,optimism=4.000000,p=1.000000,tau=0.050000",0.050000000000000003,1,0.15757385015487671,0.24023087823182165,-0.0625,0.023437500000000003,0,19
bettinggame,CATSO,"atoms=100,optimism=4.000000,p=1.000000,tau=0.100000",0.10000000000000001,0,0.10708230972290039,0.13004588379337939,-0.058977127075195312,0.015625,0,11
bettinggame,CATSO,"atoms=100,optimism=4.000000,p=1.000000,tau=0.100000",0.10000000000000001,1,0.15361424446105956,0.15321975512054237,-0.0625,0.0078125,1,22
bettinggame,CATSO,"atoms=100,optimism=4.000000,p=1.000000,tau=0.200000",0.20000000000000001,0,0.10037586331367493,0.086756664430146749,-0.022614955902099609,0.0078124999999999957,1,4
bettinggame,CATSO,"atoms=100,optimism=4.000000,p=1.000000,tau=0.200000",0.20000000000000001,1,0.1293695878982544,0.14457092479818473,-0.023985838890075682,0.0078124999999999957,1,2
bettinggame,CATSO,"atoms=100,optimism=4.000000,p=1.000000,tau=0.250000",0.25,0,0.079352569580078122,0.089842937197721573,-0.047072143554687501,0,1,3
bettinggame,CATSO,"atoms=100,optimism=4.000000,p=1.000000,tau=0.250000",0.25,1,0.14609863281249999,0.17150702604892823,-0.053007812500000001,0,1,38
bettinggame,CATSO,"atoms=100,optimism=4.000000,p=2.000000,tau=0.050000",0.050000000000000003,0,0.089033029079437262,0.10058547691738393,-0.0625,0.015625,0,12
bettinggame,CATSO,"atoms=100,optimism=4.000000,p=2.000000,tau=0.050000",0.050000000000000003,1,0.092331542968749999,0.12318533603291407,-0.0625,0,1,20
bettinggame,CATSO,"atoms=100,optimism=4.000000,p=2.000000,tau=0.100000",0.10000000000000001,0,0.088155343532562255,0.0799115227683906,-0.054460811614990237,0.015625,0,5
bettinggame,CATSO,"atoms=100,optimism=4.000000,p=2.000000,tau=0.100000",0.10000000000000001,1,0.15051301479339599,0.15090674868326953,-0.0625,0.015625,0,25
bettinggame,CATSO,"atoms=100,optimism=4.000000,p=2.000000,tau=0.200000",0.20000000000000001,0,0.11398419380187988,0.11051614461080295,-0.025433778762817383,0.015624999999999991,0,1
bettinggame,CATSO,"atoms=100,optimism=4.000000,p=2.000000,tau=0.200000",0.20000000000000001,1,0.2875390625,0.3624459960985108,-0.0625,0,1,83
bettinggame,CATSO,"atoms=100,optimism=4.000000,p=2.000000,tau=0.250000",0.25,0,0.16877801418304444,0.1605656571295328,-0.041313266754150389,0.0046874999999999972,1,28
bettinggame,CATSO,"atoms=100,optimism=4.000000,p=2.000000,tau=0.250000",0.25,1,0.12745171546936035,0.11608797249220526,-0.022349205017089844,0,1,4
bettinggame,CATSO,"atoms=100,optimism=4.000000,p=4.000000,tau=0.050000",0.050000000000000003,0,0.15375409007072449,0.18019087956068058,-0.0625,0.0078125,1,29
bettinggame,CATSO,"atoms=100,optimism=4.000000,p=4.000000,tau=0.050000",0.050000000000000003,1,0.12537442326545714,0.16135172333198425,-0.0625,0.0078125,1,13
bettinggame,CATSO,"atoms=100,optimism=4.000000,p=4.000000,tau=0.100000",0.10000000000000001,0,0.14083689689636231,0.18905856553558861,-0.0625,0.0078125,1,30
bettinggame,CATSO,"atoms=100,optimism=4.000000,p=4.000000,tau=0.100000",0.10000000000000001,1,0.092724694013595579,0.077918619133407516,-0.052287149429321292,0.0078125,1,8
bettinggame,CATSO,"atoms=100,optimism=4.000000,p=4.000000,tau=0.200000",0.20000000000000001,0,0.093225936889648434,0.10616906586521449,-0.04933929443359375,0,1,2
bettinggame,CATSO,"atoms=100,optimism=4.000000,p=4.000000,tau=0.200000",0.20000000000000001,1,0.096677179336547847,0.11503011008371171,-0.038956260681152342,0,1,6
bettinggame,CATSO,"atoms=100,optimism=4.000000,p=4.000000,tau=0.250000",0.25,0,0.17641110420227052,0.14611415772723671,-0.0088982582092285156,0.0093749999999999944,1,3
bettinggame,CATSO,"atoms=100,optimism=4.000000,p=4.000000,tau=0.250000",0.25,1,0.10147957801818848,0.096033512113268452,-0.016534652709960938,0,1,5
bettinggame,CATSO,"atoms=100,optimism=8.000000,p=1.000000,tau=0.050000",0.050000000000000003,0,0.07559820175170899,0.066208450364417817,-0.049707031249999999,0,1,1
bettinggame,CATSO,"atoms=100,optimism=8.000000,p=1.000000,tau=0.050000",0.050000000000000003,1,0.081568917036056524,0.092392179289303308,-0.0625,0.0078125,1,10
bettinggame,CATSO,"atoms=100,optimism=8.000000,p=1.000000,tau=0.100000",0.10000000000000001,0,0.049212760925292968,0.054643961780723546,-0.025422286987304688,0.015625,0,3
bettinggame,CATSO,"atoms=100,optimism=8.000000,p=1.000000,tau=0.100000",0.10000000000000001,1,0.10187583923339844,0.12944017491080784,-0.0625,0,1,26
bettinggame,CATSO,"atoms=100,optimism=8.000000,p=1.000000,tau=0.200000",0.20000000000000001,0,0.15604019165039062,0.17545246425331126,-0.0625,0,1,55
bettinggame,CATSO,"atoms=100,optimism=8.000000,p=1.000000,tau=0.200000",0.20000000000000001,1,0.086630439758300787,0.083432854982468704,-0.018027877807617186,0,1,6
bettinggame,CATSO,"atoms=100,optimism=8.000000,p=1.000000,tau=0.250000",0.25,0,0.17219908714294432,0.20025318302967521,-0.056037807464599611,0.0093749999999999944,1,40
bettinggame,CATSO,"atoms=100,optimism=8.000000,p=1.000000,tau=0.250000",0.25,1,0.1269024682044983,0.13709851463759182,-0.03675273895263672,0.0093749999999999944,1,5
bettinggame,CATSO,"atoms=100,optimism=8.000000,p=2.000000,tau=0.050000",0.050000000000000003,0,0.18622537612915038,0.23420996133621677,-0.0625,0,1,20
bettinggame,CATSO,"atoms=100,optimism=8.000000,p=2.000000,tau=0.050000",0.050000000000000003,1,0.078131675720214844,0.076626080593640594,-0.06021881103515625,0.015625,0,5
bettinggame,CATSO,"atoms=100,optimism=8.000000,p=2.000000,tau=0.100000",0.10000000000000001,0,0.14498039603233337,0.15896285011460715,-0.062422752380371094,0.0078125,1,19
bettinggame,CATSO,"atoms=100,optimism=8.000000,p=2.000000,tau=0.100000",0.10000000000000001,1,0.13043898582458496,0.1655645321558544,-0.0625,0,1,25
bettinggame,CATSO,"atoms=100,optimism=8.000000,p=2.000000,tau=0.200000",0.20000000000000001,0,0.084604768753051757,0.077034478906170101,-0.026078033447265624,0,1,1
bettinggame,CATSO,"atoms=100,optimism=8.000000,p=2.000000,tau=0.200000",0.20000000000000001,1,0.14488958597183227,0.12423194638297178,-0.021340370178222656,0.0078124999999999957,1,7
bettinggame,CATSO,"atoms=100,optimism=8.000000,p=2.000000,tau=0.250000",0.25,0,0.07849509239196778,0.079945041501467196,-0.030313186645507813,0.0046874999999999972,1,6
bettinggame,CATSO,"atoms=100,optimism=8.000000,p=2.000000,tau=0.250000",0.25,1,0.1183342981338501,0.13065667728595579,-0.041837692260742188,0.0093749999999999944,1,20
bettinggame,CATSO,"atoms=100,optimism=8.000000,p=4.000000,tau=0.050000",0.050000000000000003,0,0.10106974720954895,0.11665135132232979,-0.0625,0.023437500000000003,0,10
bettinggame,CATSO,"atoms=100,optimism=8.000000,p=4.000000,tau=0.050000",0.050000000000000003,1,0.13450464248657226,0.17487115989501043,-0.0625,0,1,29
bettinggame,CATSO,"atoms=100,optimism=8.000000,p=4.000000,tau=0.100000",0.10000000000000001,0,0.13798690795898438,0.15358142581458337,-0.0625,0,1,50
bettinggame,CATSO,"atoms=100,optimism=8.000000,p=4.000000,tau=0.100000",0.10000000000000001,1,0.12282876968383789,0.14036322731000458,-0.0625,0.0078125,1,37
bettinggame,CATSO,"atoms=100,optimism=8.000000,p=4.000000,tau=0.200000",0.20000000000000001,0,0.2364716911315918,0.29164393018788654,-0.061697590351104739,0.0078124999999999957,1,35
bettinggame,CATSO,"atoms=100,optimism=8.000000,p=4.000000,tau=0.200000",0.20000000000000001,1,0.12254528045654296,0.13436302123923519,-0.042593717575073242,0.015624999999999991,0,2
bettinggame,CATSO,"atoms=100,optimism=8.000000,p=4.000000,tau=0.250000",0.25,0,0.16312087535858155,0.2070850646629589,-0.044252357482910155,0.0046874999999999972,1,6
bettinggame,CATSO,"atoms=100,optimism=8.000000,p=4.000000,tau=0.250000",0.25,1,0.16502525329589843,0.18009599846571378,-0.043453140258789061,0,1,4
bettinggame,PATSO,"particles=32,optimism=2.000000,p=1.000000,tau=0.050000",0.050000000000000003,0,0.15629071712493897,0.17703706515861947,-0.0625,0.015625,0,43
bettinggame,PATSO,"particles=32,optimism=2.000000,p=1.000000,tau=0.050000",0.050000000000000003,1,0.17131179809570313,0.22220764955525732,-0.0625,0,1,37
bettinggame,PATSO,"particles=32,optimism=2.000000,p=1.000000,tau=0.100000",0.10000000000000001,0,0.18896511077880859,0.23778933212896272,-0.0625,0,1,62
bettinggame,PATSO,"particles=32,optimism=2.000000,p=1.000000,tau=0.100000",0.10000000000000001,1,0.2655106782913208,0.37258596062942884,-0.0625,0.015625,0,20
bettinggame,PATSO,"particles=32,optimism=2.000000,p=1.000000,tau=0.200000",0.20000000000000001,0,0.15873325347900391,0.21611279290389246,-0.04754772186279297,0,1,17
bettinggame,PATSO,"particles=32,optimism=2.000000,p=1.000000,tau=0.200000",0.20000000000000001,1,0.22094349861145018,0.26756036731337673,-0.061764860153198244,0,1,36
bettinggame,PATSO,"particles=32,optimism=2.000000,p=1.000000,tau=0.250000",0.25,0,0.27342226028442385,0.3206903610949422,-0.05729347229003906,0.0046874999999999972,1,39
bettinggame,PATSO,"particles=32,optimism=2.000000,p=1.000000,tau=0.250000",0.25,1,0.25533337593078614,0.28649168154775101,-0.045767211914062501,0.014062499999999992,0,16
bettinggame,PATSO,"particles=32,optimism=2.000000,p=2.000000,tau=0.050000",0.050000000000000003,0,0.234361515045166,0.26038381825886014,-0.0625,0.03125,0,36
bettinggame,PATSO,"particles=32,optimism=2.000000,p=2.000000,tau=0.050000",0.050000000000000003,1,0.22610029220581054,0.26408916147854705,-0.0625,0.015625,0,16
bettinggame,PATSO,"particles=32,optimism=2.000000,p=2.000000,tau=0.100000",0.10000000000000001,0,0.25953102111816406,0.29517553209724745,-0.0625,0.015625,0,40
bettinggame,PATSO,"particles=32,optimism=2.000000,p=2.000000,tau=0.100000",0.10000000000000001,1,0.16634011268615723,0.22050333733950003,-0.0625,0,1,48
bettinggame,PATSO,"particles=32,optimism=2.000000,p=2.000000,tau=0.200000",0.20000000000000001,0,0.24914391517639159,0.27058896424941581,-0.0625,0,1,41
bettinggame,PATSO,"particles=32,optimism=2.000000,p=2.000000,tau=0.200000",0.20000000000000001,1,0.25342732906341553,0.31410132728409129,-0.061480921506881711,0.023437499999999986,0,37
bettinggame,PATSO,"particles=32,optimism=2.000000,p=2.000000,tau=0.250000",0.25,0,0.32176554322242734,0.40476473254884782,-0.056220841407775876,0.0046874999999999972,1,29
bettinggame,PATSO,"particles=32,optimism=2.000000,p=2.000000,tau=0.250000",0.25,1,0.29758411407470703,0.39214674028952501,-0.059925079345703125,0,1,33
bettinggame,PATSO,"particles=32,optimism=2.000000,p=4.000000,tau=0.050000",0.050000000000000003,0,0.33903637409210208,0.40272129697921655,-0.062478637695312499,0.03125,0,9
bettinggame,PATSO,"particles=32,optimism=2.000000,p=4.000000,tau=0.050000",0.050000000000000003,1,0.20981637954711915,0.26679031546742088,-0.0625,0,1,69
bettinggame,PATSO,"particles=32,optimism=2.000000,p=4.000000,tau=0.100000",0.10000000000000001,0,0.113956298828125,0.12413556388577741,-0.052355957031249997,0,1,6
bettinggame,PATSO,"particles=32,optimism=2.000000,p=4.000000,tau=0.100000",0.10000000000000001,1,0.17188137054443359,0.19508293065292767,-0.0625,0,1,43
bettinggame,PATSO,"particles=32,optimism=2.000000,p=4.000000,tau=0.200000",0.20000000000000001,0,0.24977388381958007,0.30717385396666974,-0.0625,0.015624999999999991,0,61
bettinggame,PATSO,"particles=32,optimism=2.000000,p=4.000000,tau=0.200000",0.20000000000000001,1,0.2810360527038574,0.37717060003506153,-0.0625,0.0078124999999999957,1,41
bettinggame,PATSO,"particles=32,optimism=2.000000,p=4.000000,tau=0.250000",0.25,0,0.25402207136154176,0.29774040090499865,-0.038370609283447266,0.0093749999999999944,1,14
bettinggame,PATSO,"particles=32,optimism=2.000000,p=4.000000,tau=0.250000",0.25,1,0.17702087640762329,0.22605324325110684,-0.05745222568511963,0.0046874999999999972,1,33
bettinggame,PATSO,"particles=32,optimism=4.000000,p=1.000000,tau=0.050000",0.050000000000000003,0,0.19540956497192383,0.25185672339343729,-0.06221771240234375,0,1,7
bettinggame,PATSO,"particles=32,optimism=4.000000,p=1.000000,tau=0.050000",0.050000000000000003,1,0.13405164003372191,0.14516000788289418,-0.061465454101562497,0.015625,0,7
bettinggame,PATSO,"particles=32,optimism=4.000000,p=1.000000,tau=0.100000",0.10000000000000001,0,0.20103005647659303,0.25549903698750664,-0.0625,0.0078125,1,24
bettinggame,PATSO,"particles=32,optimism=4.000000,p=1.000000,tau=0.100000",0.10000000000000001,1,0.1934897232055664,0.18924237749559272,-0.061726379394531253,0.015625,0,16
bettinggame,PATSO,"particles=32,optimism=4.000000,p=1.000000,tau=0.200000",0.20000000000000001,0,0.2759634780883789,0.3095353142319916,-0.058442306518554685,0.031249999999999983,0,28
bettinggame,PATSO,"particles=32,optimism=4.000000,p=1.000000,tau=0.200000",0.20000000000000001,1,0.26749664306640625,0.43223306796741684,-0.061397552490234375,0,1,34
bettinggame,PATSO,"particles=32,optimism=4.000000,p=1.000000,tau=0.250000",0.25,0,0.23625079870224,0.30073564204498732,-0.056221389770507814,0.0093749999999999944,1,28
bettinggame,PATSO,"particles=32,optimism=4.000000,p=1.000000,tau=0.250000",0.25,1,0.18252258300781249,0.23269079488945299,-0.052851467132568358,0.0046874999999999972,1,25
bettinggame,PATSO,"particles=32,optimism=4.000000,p=2.000000,tau=0.050000",0.050000000000000003,0,0.23527366638183594,0.28606914650617649,-0.0625,0,1,36
bettinggame,PATSO,"particles=32,optimism=4.000000,p=2.000000,tau=0.050000",0.050000000000000003,1,0.34630674362182617,0.39970848343692184,-0.0625,0.0078125,1,10
bettinggame,PATSO,"particles=32,optimism=4.000000,p=2.000000,tau=0.100000",0.10000000000000001,0,0.22935844779014589,0.28505175471409117,-0.0625,0.0078125,1,43
bettinggame,PATSO,"particles=32,optimism=4.000000,p=2.000000,tau=0.100000",0.10000000000000001,1,0.20242229700088502,0.26130043701919864,-0.057224130630493163,0.023437500000000003,0,7
bettinggame,PATSO,"particles=32,optimism=4.000000,p=2.000000,tau=0.200000",0.20000000000000001,0,0.2434965991973877,0.28602985012943682,-0.045892095565795897,0.015624999999999991,0,8
bettinggame,PATSO,"particles=32,optimism=4.000000,p=2.000000,tau=0.200000",0.20000000000000001,1,0.36637734413146972,0.42195691874606733,-0.043962001800537109,0.015624999999999991,0,6
bettinggame,PATSO,"particles=32,optimism=4.000000,p=2.000000,tau=0.250000",0.25,0,0.32793279170989992,0.42160536900190798,-0.059319829940795897,0.014062499999999992,0,37
bettinggame,PATSO,"particles=32,optimism=4.000000,p=2.000000,tau=0.250000",0.25,1,0.23063965797424316,0.33796924822587565,-0.0625,0.0046874999999999972,1,53
bettinggame,PATSO,"particles=32,optimism=4.000000,p=4.000000,tau=0.050000",0.050000000000000003,0,0.26435271978378294,0.3799228879324475,-0.0625,0.015625,0,32
bettinggame,PATSO,"particles=32,optimism=4.000000,p=4.000000,tau=0.050000",0.050000000000000003,1,0.1881023120880127,0.25941907947011428,-0.0625,0.015625,0,30
bettinggame,PATSO,"particles=32,optimism=4.000000,p=4.000000,tau=0.100000",0.10000000000000001,0,0.15982261180877685,0.18225265845814556,-0.062001001834869382,0.0078125,1,18
bettinggame,PATSO,"particles=32,optimism=4.000000,p=4.000000,tau=0.100000",0.10000000000000001,1,0.20178323745727539,0.19345403881078652,-0.05787029266357422,0.015625,0,11
bettinggame,PATSO,"particles=32,optimism=4.000000,p=4.000000,tau=0.200000",0.20000000000000001,0,0.24705083370208741,0.26699608582296125,-0.0625,0.031249999999999983,0,45
bettinggame,PATSO,"particles=32,optimism=4.000000,p=4.000000,tau=0.200000",0.20000000000000001,1,0.13405738830566405,0.17084338875017749,-0.056733322143554685,0,1,30
bettinggame,PATSO,"particles=32,optimism=4.000000,p=4.000000,tau=0.250000",0.25,0,0.22321199417114257,0.31854536345676027,-0.048168964385986328,0.0046874999999999972,1,9
bettinggame,PATSO,"particles=32,optimism=4.000000,p=4.000000,tau=0.250000",0.25,1,0.26384147644042971,0.35787840109183483,-0.055174865722656251,0,1,18
bettinggame,PATSO,"particles=32,optimism=8.000000,p=1.000000,tau=0.050000",0.050000000000000003,0,0.27458730697631833,0.36787487539685099,-0.0625,0.023437500000000003,0,57
bettinggame,PATSO,"particles=32,optimism=8.000000,p=1.000000,tau=0.050000",0.050000000000000003,1,0.24917663574218751,0.31235736150170479,-0.0625,0.0078125,1,11
bettinggame,PATSO,"particles=32,optimism=8.000000,p=1.000000,tau=0.100000",0.10000000000000001,0,0.26032701015472415,0.38637138788055803,-0.0625,0.015625,0,33
bettinggame,PATSO,"particles=32,optimism=8.000000,p=1.000000,tau=0.100000",0.10000000000000001,1,0.24274440765380859,0.30717417593875862,-0.0625,0.0078125,1,43
bettinggame,PATSO,"particles=32,optimism=8.000000,p=1.000000,tau=0.200000",0.20000000000000001,0,0.23703366994857789,0.34578655709543066,-0.0625,0.0078124999999999957,1,41
bettinggame,PATSO,"particles=32,optimism=8.000000,p=1.000000,tau=0.200000",0.20000000000000001,1,0.32751281738281252,0.43885187343492899,-0.0625,0,1,88
bettinggame,PATSO,"particles=32,optimism=8.000000,p=1.000000,tau=0.250000",0.25,0,0.29146369695663454,0.39733070118992797,-0.044284248352050783,0.0093749999999999944,1,4
bettinggame,PATSO,"particles=32,optimism=8.000000,p=1.000000,tau=0.250000",0.25,1,0.32158184051513672,0.42466179738435494,-0.0625,0.0093749999999999944,1,60
bettinggame,PATSO,"particles=32,optimism=8.000000,p=2.000000,tau=0.050000",0.050000000000000003,0,0.13867370605468751,0.17025904292316107,-0.0625,0,1,23
bettinggame,PATSO,"particles=32,optimism=8.000000,p=2.000000,tau=0.050000",0.050000000000000003,1,0.15924163818359374,0.19211547920329033,-0.0625,0,1,32
bettinggame,PATSO,"particles=32,optimism=8.000000,p=2.000000,tau=0.100000",0.10000000000000001,0,0.23677865743637086,0.30655395328822466,-0.0625,0.0078125,1,27
bettinggame,PATSO,"particles=32,optimism=8.000000,p=2.000000,tau=0.100000",0.10000000000000001,1,0.17541609287261964,0.21517001689401929,-0.0625,0.0078125,1,33
bettinggame,PATSO,"particles=32,optimism=8.000000,p=2.000000,tau=0.200000",0.20000000000000001,0,0.21533574581146239,0.28875921302613267,-0.0625,0.015624999999999991,0,72
bettinggame,PATSO,"particles=32,optimism=8.000000,p=2.000000,tau=0.200000",0.20000000000000001,1,0.28083013534545898,0.37243741491056714,-0.039703369140625,0.015624999999999991,0,5
bettinggame,PATSO,"particles=32,optimism=8.000000,p=2.000000,tau=0.250000",0.25,0,0.25630340576171873,0.36320459110190895,-0.0625,0,1,61
bettinggame,PATSO,"particles=32,optimism=8.000000,p=2.000000,tau=0.250000",0.25,1,0.25679483175277712,0.32310047353050325,-0.053322343826293944,0.014062499999999992,0,28
bettinggame,PATSO,"particles=32,optimism=8.000000,p=4.000000,tau=0.050000",0.050000000000000003,0,0.13247055053710938,0.17466279802679902,-0.0625,0.0078125,1,23
bettinggame,PATSO,"particles=32,optimism=8.000000,p=4.000000,tau=0.050000",0.050000000000000003,1,0.24007639646530152,0.33302576647799742,-0.0625,0.023437500000000003,0,35
bettinggame,PATSO,"particles=32,optimism=8.000000,p=4.000000,tau=0.100000",0.10000000000000001,0,0.19193572998046876,0.22168762221099067,-0.0625,0,1,35
bettinggame,PATSO,"particles=32,optimism=8.000000,p=4.000000,tau=0.100000",0.10000000000000001,1,0.21595317363739014,0.24058552590591392,-0.05199002027511597,0.0078125,1,4
bettinggame,PATSO,"particles=32,optimism=8.000000,p=4.000000,tau=0.200000",0.20000000000000001,0,0.24356536865234374,0.31856178398251467,-0.05922431945800781,0,1,28
bettinggame,PATSO,"particles=32,optimism=8.000000,p=4.000000,tau=0.200000",0.20000000000000001,1,0.22094026565551758,0.23986446190772751,-0.052620649337768555,0.015624999999999991,0,15
bettinggame,PATSO,"particles=32,optimism=8.000000,p=4.000000,tau=0.250000",0.25,0,0.29992897510528566,0.38781269795896883,-0.030810985565185547,0.0046874999999999972,1,4
bettinggame,PATSO,"particles=32,optimism=8.000000,p=4.000000,tau=0.250000",0.25,1,0.26866340637207031,0.36662669638306822,-0.060522842407226565,0.014062499999999992,0,40
bettinggame,PATSO,"particles=64,optimism=2.000000,p=1.000000,tau=0.050000",0.050000000000000003,0,0.21231028556823731,0.27412023651797651,-0.0625,0.0078125,1,21
bettinggame,PATSO,"particles=64,optimism=2.000000,p=1.000000,tau=0.050000",0.050000000000000003,1,0.22751763343811035,0.28015251632890348,-0.0625,0.0078125,1,21
bettinggame,PATSO,"particles=64,optimism=2.000000,p=1.000000,tau=0.100000",0.10000000000000001,0,0.34234603643417361,0.43362056656033038,-0.060759067535400391,0.023437500000000003,0,11
bettinggame,PATSO,"particles=64,optimism=2.000000,p=1.000000,tau=0.100000",0.10000000000000001,1,0.30538906693458556,0.39718746249600262,-0.0625,0.0078125,1,31
bettinggame,PATSO,"particles=64,optimism=2.000000,p=1.000000,tau=0.200000",0.20000000000000001,0,0.27179557800292969,0.29903168057721913,-0.0625,0.015624999999999991,0,62
bettinggame,PATSO,"particles=64,optimism=2.000000,p=1.000000,tau=0.200000",0.20000000000000001,1,0.30899783372879031,0.36075847838378117,-0.052260994911193848,0.015624999999999991,0,10
bettinggame,PATSO,"particles=64,optimism=2.000000,p=1.000000,tau=0.250000",0.25,0,0.33002989530563354,0.44331384165626181,-0.056921167373657225,0.0046874999999999972,1,32
bettinggame,PATSO,"particles=64,optimism=2.000000,p=1.000000,tau=0.250000",0.25,1,0.25496787071228028,0.27223800233348522,-0.044806709289550779,0.0093749999999999944,1,21
bettinggame,PATSO,"particles=64,optimism=2.000000,p=2.000000,tau=0.050000",0.050000000000000003,0,0.18073408126831056,0.22663048154583573,-0.0625,0.03125,0,28
bettinggame,PATSO,"particles=64,optimism=2.000000,p=2.000000,tau=0.050000",0.050000000000000003,1,0.15743464469909668,0.18329427407238219,-0.0625,0.015625,0,14
bettinggame,PATSO,"particles=64,optimism=2.000000,p=2.000000,tau=0.100000",0.10000000000000001,0,0.28955551385879519,0.32711158648903965,-0.060888767242431641,0.023437500000000003,0,13
bettinggame,PATSO,"particles=64,optimism=2.000000,p=2.000000,tau=0.100000",0.10000000000000001,1,0.26619586467742917,0.27643177692576154,-0.055861711502075195,0.015625,0,4
bettinggame,PATSO,"particles=64,optimism=2.000000,p=2.000000,tau=0.200000",0.20000000000000001,0,0.28025241851806643,0.3704110481415458,-0.0625,0.015624999999999991,0,41
bettinggame,PATSO,"particles=64,optimism=2.000000,p=2.000000,tau=0.200000",0.20000000000000001,1,0.18315255165100097,0.25783628521777308,-0.057606923580169681,0.0078124999999999957,1,24
bettinggame,PATSO,"particles=64,optimism=2.000000,p=2.000000,tau=0.250000",0.25,0,0.27741287946701049,0.33446180740457082,-0.053897228240966794,0.014062499999999992,0,27
bettinggame,PATSO,"particles=64,optimism=2.000000,p=2.000000,tau=0.250000",0.25,1,0.20894506931304932,0.24866217991271025,-0.0625,0.0046874999999999972,1,61
bettinggame,PATSO,"particles=64,optimism=2.000000,p=4.000000,tau=0.050000",0.050000000000000003,0,0.2315693950653076,0.28324837137919812,-0.0625,0.0078125,1,42
bettinggame,PATSO,"particles=64,optimism=2.000000,p=4.000000,tau=0.050000",0.050000000000000003,1,0.2084358787536621,0.22469907844921319,-0.0625,0.015625,0,24
bettinggame,PATSO,"particles=64,optimism=2.000000,p=4.000000,tau=0.100000",0.10000000000000001,0,0.087877626419067378,0.11438312683695963,-0.054754638671875001,0,1,4
bettinggame,PATSO,"particles=64,optimism=2.000000,p=4.000000,tau=0.100000",0.10000000000000001,1,0.2007208526134491,0.22905293318432354,-0.0625,0.0078125,1,20
bettinggame,PATSO,"particles=64,optimism=2.000000,p=4.000000,tau=0.200000",0.20000000000000001,0,0.24586045265197753,0.29934877334664656,-0.054208564758300784,0.023437499999999986,0,16
bettinggame,PATSO,"particles=64,optimism=2.000000,p=4.000000,tau=0.200000",0.20000000000000001,1,0.21173782348632814,0.23954233837203226,-0.047266721725463867,0.015624999999999991,0,9
bettinggame,PATSO,"particles=64,optimism=2.000000,p=4.000000,tau=0.250000",0.25,0,0.33529363632202147,0.41187311311004499,-0.051331291198730471,0.0093749999999999944,1,20
bettinggame,PATSO,"particles=64,optimism=2.000000,p=4.000000,tau=0.250000",0.25,1,0.25941390037536621,0.33864697835626473,-0.062328071594238282,0,1,46
bettinggame,PATSO,"particles=64,optimism=4.000000,p=1.000000,tau=0.050000",0.050000000000000003,0,0.22593402385711669,0.29251881370237276,-0.0625,0.015625,0,64
bettinggame,PATSO,"particles=64,optimism=4.000000,p=1.000000,tau=0.050000",0.050000000000000003,1,0.14698633193969726,0.19520313331582084,-0.056057739257812503,0,1,3
bettinggame,PATSO,"particles=64,optimism=4.000000,p=1.000000,tau=0.100000",0.10000000000000001,0,0.27043221950531005,0.39821968333561264,-0.0625,0.015625,0,37
bettinggame,PATSO,"particles=64,optimism=4.000000,p=1.000000,tau=0.100000",0.10000000000000001,1,0.20554675579071044,0.23335016929821328,-0.0625,0.0078125,1,46
bettinggame,PATSO,"particles=64,optimism=4.000000,p=1.000000,tau=0.200000",0.20000000000000001,0,0.26610862970352173,0.30103857878611634,-0.061050617694854738,0.023437499999999986,0,33
bettinggame,PATSO,"particles=64,optimism=4.000000,p=1.000000,tau=0.200000",0.20000000000000001,1,0.25694736957550046,0.33627731423778134,-0.055096983909606934,0.015624999999999991,0,16
bettinggame,PATSO,"particles=64,optimism=4.000000,p=1.000000,tau=0.250000",0.25,0,0.17156830072402954,0.20247085853467151,-0.055115919113159183,0.0046874999999999972,1,26
bettinggame,PATSO,"particles=64,optimism=4.000000,p=1.000000,tau=0.250000",0.25,1,0.25236642837524415,0.32246098567650677,-0.062465286254882811,0.0046874999999999972,1,49
bettinggame,PATSO,"particles=64,optimism=4.000000,p=2.000000,tau=0.050000",0.050000000000000003,0,0.2690557861328125,0.36275026989377335,-0.0625,0.023437500000000003,0,40
bettinggame,PATSO,"particles=64,optimism=4.000000,p=2.000000,tau=0.050000",0.050000000000000003,1,0.22450032234191894,0.22764547854120046,-0.0625,0.0390625,0,33
bettinggame,PATSO,"particles=64,optimism=4.000000,p=2.000000,tau=0.100000",0.10000000000000001,0,0.30131714820861816,0.40416580103140437,-0.0625,0.0078125,1,68
bettinggame,PATSO,"particles=64,optimism=4.000000,p=2.000000,tau=0.100000",0.10000000000000001,1,0.16368606567382812,0.2111419129923241,-0.058555221557617186,0.015625,0,9
bettinggame,PATSO,"particles=64,optimism=4.000000,p=2.000000,tau=0.200000",0.20000000000000001,0,0.36002934455871582,0.42647866215330965,-0.0625,0.015624999999999991,0,51
bettinggame,PATSO,"particles=64,optimism=4.000000,p=2.000000,tau=0.200000",0.20000000000000001,1,0.31360931158065797,0.41659998288303229,-0.059535300731658934,0.023437499999999986,0,27
bettinggame,PATSO,"particles=64,optimism=4.000000,p=2.000000,tau=0.250000",0.25,0,0.30750087261199949,0.43264813473252783,-0.0625,0.0046874999999999972,1,50
bettinggame,PATSO,"particles=64,optimism=4.000000,p=2.000000,tau=0.250000",0.25,1,0.39025480270385743,0.44693495040315379,-0.062290916442871096,0.018749999999999989,0,47
bettinggame,PATSO,"particles=64,optimism=4.000000,p=4.000000,tau=0.050000",0.050000000000000003,0,0.21573212623596191,0.26877341487317891,-0.0625,0.023437500000000003,0,45
bettinggame,PATSO,"particles=64,optimism=4.000000,p=4.000000,tau=0.050000",0.050000000000000003,1,0.31026934623718261,0.36149184990282612,-0.0625,0.015625,0,48
bettinggame,PATSO,"particles=64,optimism=4.000000,p=4.000000,tau=0.100000",0.10000000000000001,0,0.21038954496383666,0.22899876326378205,-0.0625,0.0390625,0,22
bettinggame,PATSO,"particles=64,optimism=4.000000,p=4.000000,tau=0.100000",0.10000000000000001,1,0.20629917144775389,0.22895278187928308,-0.0625,0.015625,0,24
bettinggame,PATSO,"particles=64,optimism=4.000000,p=4.000000,tau=0.200000",0.20000000000000001,0,0.30060056924819945,0.39656789736324061,-0.048389995098114015,0.015624999999999991,0,13
bettinggame,PATSO,"particles=64,optimism=4.000000,p=4.000000,tau=0.200000",0.20000000000000001,1,0.28337423324584959,0.39707826713539474,-0.050910425186157224,0.015624999999999991,0,9
bettinggame,PATSO,"particles=64,optimism=4.000000,p=4.000000,tau=0.250000",0.25,0,0.22494953751564026,0.30658476927064915,-0.060866241455078123,0.0046874999999999972,1,38
bettinggame,PATSO,"particles=64,optimism=4.000000,p=4.000000,tau=0.250000",0.25,1,0.23535364747047424,0.2643319499452062,-0.055532608032226566,0.0046874999999999972,1,29
bettinggame,PATSO,"particles=64,optimism=8.000000,p=1.000000,tau=0.050000",0.050000000000000003,0,0.31350353717803953,0.33974224743160691,-0.0625,0.0078125,1,16
bettinggame,PATSO,"particles=64,optimism=8.000000,p=1.000000,tau=0.050000",0.050000000000000003,1,0.20153752565383912,0.24641823704417762,-0.0625,0.0078125,1,17
bettinggame,PATSO,"particles=64,optimism=8.000000,p=1.000000,tau=0.100000",0.10000000000000001,0,0.16633930206298828,0.20199441056907882,-0.0625,0,1,32
bettinggame,PATSO,"particles=64,optimism=8.000000,p=1.000000,tau=0.100000",0.10000000000000001,1,0.19478447198867799,0.263452588151395,-0.062181949615478516,0.015625,0,17
bettinggame,PATSO,"particles=64,optimism=8.000000,p=1.000000,tau=0.200000",0.20000000000000001,0,0.26511407375335694,0.30187704314471397,-0.050659060478210449,0.015624999999999991,0,12
bettinggame,PATSO,"particles=64,optimism=8.000000,p=1.000000,tau=0.200000",0.20000000000000001,1,0.23224037647247314,0.28084597836536535,-0.049331355094909671,0.015624999999999991,0,17
bettinggame,PATSO,"particles=64,optimism=8.000000,p=1.000000,tau=0.250000",0.25,0,0.33351650238037112,0.41253050564597249,-0.057528686523437497,0.014062499999999992,0,35
bettinggame,PATSO,"particles=64,optimism=8.000000,p=1.000000,tau=0.250000",0.25,1,0.22832464218139648,0.27817671768824825,-0.049447784423828127,0,1,12
bettinggame,PATSO,"particles=64,optimism=8.000000,p=2.000000,tau=0.050000",0.050000000000000003,0,0.3797482907772064,0.42139826718194245,-0.0625,0.023437500000000003,0,15
bettinggame,PATSO,"particles=64,optimism=8.000000,p=2.000000,tau=0.050000",0.050000000000000003,1,0.2125835108757019,0.2729460181837835,-0.0625,0.0078125,1,40
bettinggame,PATSO,"particles=64,optimism=8.000000,p=2.000000,tau=0.100000",0.10000000000000001,0,0.20323224902153014,0.23587237934480573,-0.062387347221374512,0.0078125,1,18
bettinggame,PATSO,"particles=64,optimism=8.000000,p=2.000000,tau=0.100000",0.10000000000000001,1,0.3263835859298706,0.41392924185910129,-0.0625,0.015625,0,59
bettinggame,PATSO,"particles=64,optimism=8.000000,p=2.000000,tau=0.200000",0.20000000000000001,0,0.36728696346282957,0.4126834429676155,-0.06195533275604248,0.0078124999999999957,1,35
bettinggame,PATSO,"particles=64,optimism=8.000000,p=2.000000,tau=0.200000",0.20000000000000001,1,0.28025773525238035,0.3316712746675744,-0.056857538223266599,0.015624999999999991,0,22
bettinggame,PATSO,"particles=64,optimism=8.000000,p=2.000000,tau=0.250000",0.25,0,0.31556055068969724,0.39161886795209566,-0.057257709503173826,0.014062499999999992,0,32
bettinggame,PATSO,"particles=64,optimism=8.000000,p=2.000000,tau=0.250000",0.25,1,0.23855194926261902,0.28706209007042433,-0.0625,0.0046874999999999972,1,59
bettinggame,PATSO,"particles=64,optimism=8.000000,p=4.000000,tau=0.050000",0.050000000000000003,0,0.2637107455730438,0.3061276214946011,-0.0625,0.023437500000000003,0,22
bettinggame,PATSO,"particles=64,optimism=8.000000,p=4.000000,tau=0.050000",0.050000000000000003,1,0.15394538879394531,0.19475568839277879,-0.057376098632812497,0,1,3
bettinggame,PATSO,"particles=64,optimism=8.000000,p=4.000000,tau=0.100000",0.10000000000000001,0,0.20857206821441651,0.28469301592376278,-0.0625,0.015625,0,37
bettinggame,PATSO,"particles=64,optimism=8.000000,p=4.000000,tau=0.100000",0.10000000000000001,1,0.22355422019958496,0.3063174198911886,-0.0625,0.023437500000000003,0,40
bettinggame,PATSO,"particles=64,optimism=8.000000,p=4.000000,tau=0.200000",0.20000000000000001,0,0.32034693717956542,0.39860322024262862,-0.050376987457275389,0.015624999999999991,0,19
bettinggame,PATSO,"particles=64,optimism=8.000000,p=4.000000,tau=0.200000",0.20000000000000001,1,0.22732455015182496,0.22373095652219183,-0.058651137351989749,0.0078124999999999957,1,30
bettinggame,PATSO,"particles=64,optimism=8.000000,p=4.000000,tau=0.250000",0.25,0,0.20239650726318359,0.26853179366584845,-0.0625,0,1,86
bettinggame,PATSO,"particles=64,optimism=8.000000,p=4.000000,tau=0.250000",0.25,1,0.24663436651229859,0.33719571366374934,-0.054625673294067381,0.0046874999999999972,1,24
bettinggame,PATSO,"particles=128,optimism=2.000000,p=1.000000,tau=0.050000",0.050000000000000003,0,0.24465660214424134,0.28630450488932024,-0.0625,0.0078125,1,11
bettinggame,PATSO,"particles=128,optimism=2.000000,p=1.000000,tau=0.050000",0.050000000000000003,1,0.2655877900123596,0.35760937526917264,-0.0625,0.0078125,1,40
bettinggame,PATSO,"particles=128,optimism=2.000000,p=1.000000,tau=0.100000",0.10000000000000001,0,0.24086684942245484,0.25210261710280379,-0.050627613067626955,0.023437500000000003,0,6
bettinggame,PATSO,"particles=128,optimism=2.000000,p=1.000000,tau=0.100000",0.10000000000000001,1,0.31031816959381103,0.35643006407477074,-0.061941027641296387,0.015625,0,15
bettinggame,PATSO,"particles=128,optimism=2.000000,p=1.000000,tau=0.200000",0.20000000000000001,0,0.17822314023971558,0.24308101975939161,-0.044999516010284422,0.015624999999999991,0,4
bettinggame,PATSO,"particles=128,optimism=2.000000,p=1.000000,tau=0.200000",0.20000000000000001,1,0.24710449934005738,0.36409677833134707,-0.045344293117523193,0.0078124999999999957,1,2
bettinggame,PATSO,"particles=128,optimism=2.000000,p=1.000000,tau=0.250000",0.25,0,0.2522550058364868,0.3052154304676572,-0.037203197479248044,0.0093749999999999944,1,18
bettinggame,PATSO,"particles=128,optimism=2.000000,p=1.000000,tau=0.250000",0.25,1,0.34395727157592776,0.40922820522009401,-0.0625,0.018749999999999989,0,50
bettinggame,PATSO,"particles=128,optimism=2.000000,p=2.000000,tau=0.050000",0.050000000000000003,0,0.31293111085891723,0.43528303035102683,-0.0625,0.015625,0,57
bettinggame,PATSO,"particles=128,optimism=2.000000,p=2.000000,tau=0.050000",0.050000000000000003,1,0.20499999999999999,0.2500125624984379,-0.0625,0,1,93
bettinggame,PATSO,"particles=128,optimism=2.000000,p=2.000000,tau=0.100000",0.10000000000000001,0,0.27720733642578127,0.29384722523640516,-0.0625,0.03125,0,21
bettinggame,PATSO,"particles=128,optimism=2.000000,p=2.000000,tau=0.100000",0.10000000000000001,1,0.22578239440917969,0.29159340417214163,-0.0625,0.015625,0,32
bettinggame,PATSO,"particles=128,optimism=2.000000,p=2.000000,tau=0.200000",0.20000000000000001,0,0.28010021209716796,0.37537997247810495,-0.060650348663330078,0.0078124999999999957,1,31
bettinggame,PATSO,"particles=128,optimism=2.000000,p=2.000000,tau=0.200000",0.20000000000000001,1,0.20982421875000001,0.20872012280196087,-0.0625,0,1,58
bettinggame,PATSO,"particles=128,optimism=2.000000,p=2.000000,tau=0.250000",0.25,0,0.29419426918029784,0.37752611657995588,-0.048661231994628906,0.0093749999999999944,1,21
bettinggame,PATSO,"particles=128,optimism=2.000000,p=2.000000,tau=0.250000",0.25,1,0.33774051427841184,0.40602164795810736,-0.048246126174926761,0.0046874999999999972,1,8
bettinggame,PATSO,"particles=128,optimism=2.000000,p=4.000000,tau=0.050000",0.050000000000000003,0,0.19414108037948608,0.22556918274578189,-0.0625,0.0078125,1,37
bettinggame,PATSO,"particles=128,optimism=2.000000,p=4.000000,tau=0.050000",0.050000000000000003,1,0.11543926239013672,0.17020317067505256,-0.0625,0.015625,0,60
bettinggame,PATSO,"particles=128,optimism=2.000000,p=4.000000,tau=0.100000",0.10000000000000001,0,0.19477896451950072,0.24656697553287782,-0.0625,0.0078125,1,34
bettinggame,PATSO,"particles=128,optimism=2.000000,p=4.000000,tau=0.100000",0.10000000000000001,1,0.1567431640625,0.18003095991899803,-0.0625,0,1,29
bettinggame,PATSO,"particles=128,optimism=2.000000,p=4.000000,tau=0.200000",0.20000000000000001,0,0.20711398839950562,0.22495680433790213,-0.054243409633636476,0.015624999999999991,0,16
bettinggame,PATSO,"particles=128,optimism=2.000000,p=4.000000,tau=0.200000",0.20000000000000001,1,0.20379188299179077,0.2628363547152236,-0.058290815353393553,0.0078124999999999957,1,27
bettinggame,PATSO,"particles=128,optimism=2.000000,p=4.000000,tau=0.250000",0.25,0,0.36967406988143919,0.41192138328413247,-0.059439353942871094,0.0046874999999999972,1,38
bettinggame,PATSO,"particles=128,optimism=2.000000,p=4.000000,tau=0.250000",0.25,1,0.22866912841796874,0.28128097513619171,-0.061818847656250002,0.0093749999999999944,1,44
bettinggame,PATSO,"particles=128,optimism=4.000000,p=1.000000,tau=0.050000",0.050000000000000003,0,0.33647682189941408,0.42167746638452736,-0.0625,0,1,15
bettinggame,PATSO,"particles=128,optimism=4.000000,p=1.000000,tau=0.050000",0.050000000000000003,1,0.22696991920471191,0.3089499174588084,-0.0625,0.015625,0,35
bettinggame,PATSO,"particles=128,optimism=4.000000,p=1.000000,tau=0.100000",0.10000000000000001,0,0.20610131740570067,0.26654615756219202,-0.062129211425781247,0.0078125,1,16
bettinggame,PATSO,"particles=128,optimism=4.000000,p=1.000000,tau=0.100000",0.10000000000000001,1,0.18039092302322388,0.23773963302616266,-0.0625,0.0078125,1,22
bettinggame,PATSO,"particles=128,optimism=4.000000,p=1.000000,tau=0.200000",0.20000000000000001,0,0.16214672565460206,0.20157730250916489,-0.046428537368774413,0.0078124999999999957,1,6
bettinggame,PATSO,"particles=128,optimism=4.000000,p=1.000000,tau=0.200000",0.20000000000000001,1,0.22411802291870117,0.35230183399579301,-0.0625,0.0078124999999999957,1,41
bettinggame,PATSO,"particles=128,optimism=4.000000,p=1.000000,tau=0.250000",0.25,0,0.2205251383781433,0.26417700393523136,-0.038912897109985349,0.0046874999999999972,1,14
bettinggame,PATSO,"particles=128,optimism=4.000000,p=1.000000,tau=0.250000",0.25,1,0.26415948152542112,0.35959632969317679,-0.058816394805908202,0.014062499999999992,0,33
bettinggame,PATSO,"particles=128,optimism=4.000000,p=2.000000,tau=0.050000",0.050000000000000003,0,0.340103235244751,0.39593750590504051,-0.0625,0.0390625,0,33
bettinggame,PATSO,"particles=128,optimism=4.000000,p=2.000000,tau=0.050000",0.050000000000000003,1,0.17131399154663085,0.19987152266791222,-0.0625,0.03125,0,42
bettinggame,PATSO,"particles=128,optimism=4.000000,p=2.000000,tau=0.100000",0.10000000000000001,0,0.30728076219558714,0.42266527240440027,-0.0625,0.0390625,0,44
bettinggame,PATSO,"particles=128,optimism=4.000000,p=2.000000,tau=0.100000",0.10000000000000001,1,0.20622797369956969,0.25637377951525619,-0.058782196044921874,0.0078125,1,12
bettinggame,PATSO,"particles=128,optimism=4.000000,p=2.000000,tau=0.200000",0.20000000000000001,0,0.23331958055496216,0.26147497625760968,-0.047133928537368773,0.0078124999999999957,1,3
bettinggame,PATSO,"particles=128,optimism=4.000000,p=2.000000,tau=0.200000",0.20000000000000001,1,0.28769765853881835,0.40397532461576818,-0.0625,0.015624999999999991,0,67
bettinggame,PATSO,"particles=128,optimism=4.000000,p=2.000000,tau=0.250000",0.25,0,0.33307771682739257,0.42539579875578787,-0.0625,0.0046874999999999972,1,51
bettinggame,PATSO,"particles=128,optimism=4.000000,p=2.000000,tau=0.250000",0.25,1,0.26536990642547609,0.3761824776152487,-0.0625,0.0093749999999999944,1,62
bettinggame,PATSO,"particles=128,optimism=4.000000,p=4.000000,tau=0.050000",0.050000000000000003,0,0.15039871215820313,0.1650756245618191,-0.0615081787109375,0,1,9
bettinggame,PATSO,"particles=128,optimism=4.000000,p=4.000000,tau=0.050000",0.050000000000000003,1,0.18628915548324584,0.22559186405014317,-0.0625,0.0078125,1,28
bettinggame,PATSO,"particles=128,optimism=4.000000,p=4.000000,tau=0.100000",0.10000000000000001,0,0.24070083618164062,0.36001143515985995,-0.0625,0,1,57
bettinggame,PATSO,"particles=128,optimism=4.000000,p=4.000000,tau=0.100000",0.10000000000000001,1,0.18337018966674803,0.24383095032489607,-0.0625,0,1,35
bettinggame,PATSO,"particles=128,optimism=4.000000,p=4.000000,tau=0.200000",0.20000000000000001,0,0.26376017093658449,0.38701748220604704,-0.0625,0.015624999999999991,0,44
bettinggame,PATSO,"particles=128,optimism=4.000000,p=4.000000,tau=0.200000",0.20000000000000001,1,0.2557466411590576,0.37344569747836198,-0.062187910079956055,0.015624999999999991,0,37
bettinggame,PATSO,"particles=128,optimism=4.000000,p=4.000000,tau=0.250000",0.25,0,0.2533298110961914,0.34223394208881225,-0.058119010925292966,0.0093749999999999944,1,33
bettinggame,PATSO,"particles=128,optimism=4.000000,p=4.000000,tau=0.250000",0.25,1,0.20343135833740233,0.24517404152089528,-0.055719985961914062,0.0093749999999999944,1,29
bettinggame,PATSO,"particles=128,optimism=8.000000,p=1.000000,tau=0.050000",0.050000000000000003,0,0.29822975158691406,0.34731004827094747,-0.0625,0,1,11
bettinggame,PATSO,"particles=128,optimism=8.000000,p=1.000000,tau=0.050000",0.050000000000000003,1,0.21677623748779296,0.27699672711857221,-0.0625,0.023437500000000003,0,43
bettinggame,PATSO,"particles=128,optimism=8.000000,p=1.000000,tau=0.100000",0.10000000000000001,0,0.2349459171295166,0.28612987277230389,-0.057135677337646483,0,1,7
bettinggame,PATSO,"particles=128,optimism=8.000000,p=1.000000,tau=0.100000",0.10000000000000001,1,0.24331091761589049,0.28377373268680722,-0.05983656644821167,0.0078125,1,11
bettinggame,PATSO,"particles=128,optimism=8.000000,p=1.000000,tau=0.200000",0.20000000000000001,0,0.24895293474197389,0.31282639554762431,-0.039585876464843753,0.015624999999999991,0,5
bettinggame,PATSO,"particles=128,optimism=8.000000,p=1.000000,tau=0.200000",0.20000000000000001,1,0.23939226150512696,0.34611135944383709,-0.0625,0.015624999999999991,0,73
bettinggame,PATSO,"particles=128,optimism=8.000000,p=1.000000,tau=0.250000",0.25,0,0.30478675246238707,0.41202375543130515,-0.0566516637802124,0.0046874999999999972,1,32
bettinggame,PATSO,"particles=128,optimism=8.000000,p=1.000000,tau=0.250000",0.25,1,0.26166477203369143,0.37654363696653731,-0.0625,0.0093749999999999944,1,50
bettinggame,PATSO,"particles=128,optimism=8.000000,p=2.000000,tau=0.050000",0.050000000000000003,0,0.20913959503173829,0.23474543210354937,-0.0625,0,1,24
bettinggame,PATSO,"particles=128,optimism=8.000000,p=2.000000,tau=0.050000",0.050000000000000003,1,0.26901676177978517,0.28158375300361266,-0.061999821662902833,0.0390625,0,8
bettinggame,PATSO,"particles=128,optimism=8.000000,p=2.000000,tau=0.100000",0.10000000000000001,0,0.25223890304565427,0.31476210686041828,-0.0625,0.015625,0,50
bettinggame,PATSO,"particles=128,optimism=8.000000,p=2.000000,tau=0.100000",0.10000000000000001,1,0.23220922470092772,0.28290521183392858,-0.062266540527343747,0.03125,0,18
bettinggame,PATSO,"particles=128,optimism=8.000000,p=2.000000,tau=0.200000",0.20000000000000001,0,0.29502174854278562,0.36130465280544799,-0.061036944389343262,0.015624999999999991,0,31
bettinggame,PATSO,"particles=128,optimism=8.000000,p=2.000000,tau=0.200000",0.20000000000000001,1,0.2148836898803711,0.2144690640273515,-0.060469627380371094,0,1,32
bettinggame,PATSO,"particles=128,optimism=8.000000,p=2.000000,tau=0.250000",0.25,0,0.29827732563018799,0.39797141089841331,-0.057186059951782227,0.014062499999999992,0,30
bettinggame,PATSO,"particles=128,optimism=8.000000,p=2.000000,tau=0.250000",0.25,1,0.23514828205108643,0.3094939587881318,-0.058817005157470702,0.0046874999999999972,1,40
bettinggame,PATSO,"particles=128,optimism=8.000000,p=4.000000,tau=0.050000",0.050000000000000003,0,0.27706710815429686,0.34148403974409713,-0.0625,0,1,15
bettinggame,PATSO,"particles=128,optimism=8.000000,p=4.000000,tau=0.050000",0.050000000000000003,1,0.16119029998779297,0.16033536314435851,-0.057453155517578125,0,1,4
bettinggame,PATSO,"particles=128,optimism=8.000000,p=4.000000,tau=0.100000",0.10000000000000001,0,0.23631268501281738,0.32376083665557748,-0.0625,0.0078125,1,38
bettinggame,PATSO,"particles=128,optimism=8.000000,p=4.000000,tau=0.100000",0.10000000000000001,1,0.24232335567474364,0.28281707650728527,-0.0625,0.03125,0,47
bettinggame,PATSO,"particles=128,optimism=8.000000,p=4.000000,tau=0.200000",0.20000000000000001,0,0.21532454013824462,0.26309115556445345,-0.062462234497070314,0.0078124999999999957,1,39
bettinggame,PATSO,"particles=128,optimism=8.000000,p=4.000000,tau=0.200000",0.20000000000000001,1,0.19488416194915772,0.21633278808577558,-0.057160151004791257,0.0078124999999999957,1,23
bettinggame,PATSO,"particles=128,optimism=8.000000,p=4.000000,tau=0.250000",0.25,0,0.20372690200805665,0.24454446163653384,-0.052346572875976563,0.0046874999999999972,1,26
bettinggame,PATSO,"particles=128,optimism=8.000000,p=4.000000,tau=0.250000",0.25,1,0.22374625921249389,0.27529916693001849,-0.060387573242187499,0.0093749999999999944,1,39
